{
  "ruleChain": {
    "additionalInfo": null,
    "name": "Root Rule Chain",
    "type": "CORE",
    "firstRuleNodeId": null,
    "root": false,
    "debugMode": false,
    "configuration": null
  },
  "metadata": {
    "firstNodeIndex": 8,
    "nodes": [
      {
        "additionalInfo": {
          "layoutX": 998,
          "layoutY": 369
        },
        "type": "org.thingsboard.rule.engine.telemetry.TbMsgTimeseriesNode",
        "name": "Save Timeseries",
        "debugMode": false,
        "singletonMode": false,
        "queueName": null,
        "configurationVersion": 0,
        "configuration": {
          "defaultTTL": 0
        }
      },
      {
        "additionalInfo": {
          "layoutX": 1008,
          "layoutY": 291
        },
        "type": "org.thingsboard.rule.engine.telemetry.TbMsgAttributesNode",
        "name": "Save Attributes",
        "debugMode": false,
        "singletonMode": false,
        "queueName": null,
        "configurationVersion": 2,
        "configuration": {
          "scope": "CLIENT_SCOPE",
          "notifyDevice": false,
          "sendAttributesUpdatedNotification": false,
          "updateAttributesOnlyOnValueChange": true
        }
      },
      {
        "additionalInfo": {
          "layoutX": 566,
          "layoutY": 302
        },
        "type": "org.thingsboard.rule.engine.filter.TbMsgTypeSwitchNode",
        "name": "Message Type Switch",
        "debugMode": false,
        "singletonMode": false,
        "queueName": null,
        "configurationVersion": 0,
        "configuration": {
          "version": 0
        }
      },
      {
        "additionalInfo": {
          "layoutX": 1000,
          "layoutY": 494
        },
        "type": "org.thingsboard.rule.engine.action.TbLogNode",
        "name": "Log Other",
        "debugMode": false,
        "singletonMode": false,
        "queueName": null,
        "configurationVersion": 0,
        "configuration": {
          "scriptLang": "TBEL",
          "jsScript": "return '\\nIncoming message:\\n' + JSON.stringify(msg) + '\\nIncoming metadata:\\n' + JSON.stringify(metadata);",
          "tbelScript": "return '\\nIncoming message:\\n' + JSON.stringify(msg) + '\\nIncoming metadata:\\n' + JSON.stringify(metadata);"
        }
      },
      {
        "additionalInfo": {
          "layoutX": 1000,
          "layoutY": 583
        },
        "type": "org.thingsboard.rule.engine.rpc.TbSendRPCRequestNode",
        "name": "RPC Call Request",
        "debugMode": false,
        "singletonMode": false,
        "queueName": null,
        "configurationVersion": 0,
        "configuration": {
          "timeoutInSeconds": 60
        }
      },
      {
        "additionalInfo": {
          "layoutX": 255,
          "layoutY": 301
        },
        "type": "org.thingsboard.rule.engine.filter.TbOriginatorTypeFilterNode",
        "name": "Is Entity Group",
        "debugMode": false,
        "singletonMode": false,
        "queueName": null,
        "configurationVersion": 0,
        "configuration": {
          "originatorTypes": [
            "ENTITY_GROUP"
          ]
        }
      },
      {
        "additionalInfo": {
          "layoutX": 319,
          "layoutY": 109
        },
        "type": "org.thingsboard.rule.engine.filter.TbMsgTypeFilterNode",
        "name": "Post attributes or RPC request",
        "debugMode": false,
        "singletonMode": false,
        "queueName": null,
        "configurationVersion": 0,
        "configuration": {
          "messageTypes": [
            "POST_ATTRIBUTES_REQUEST",
            "RPC_CALL_FROM_SERVER_TO_DEVICE"
          ]
        }
      },
      {
        "additionalInfo": {
          "layoutX": 606,
          "layoutY": 42
        },
        "type": "org.thingsboard.rule.engine.transform.TbDuplicateMsgToGroupNode",
        "name": "Duplicate To Group Entities",
        "debugMode": false,
        "singletonMode": false,
        "queueName": null,
        "configurationVersion": 1,
        "configuration": {
          "entityGroupId": null,
          "entityGroupIsMessageOriginator": true
        }
      },
      {
        "additionalInfo": {
          "description": "Process incoming messages from devices with the alarm rules defined in the device profile. Dispatch all incoming messages with \"Success\" relation type.",
          "layoutX": 137,
          "layoutY": 415
        },
        "type": "org.thingsboard.rule.engine.profile.TbDeviceProfileNode",
        "name": "Device Profile Node",
        "debugMode": false,
        "singletonMode": false,
        "queueName": null,
        "configurationVersion": 0,
        "configuration": {
          "persistAlarmRulesState": false,
          "fetchAlarmRulesStateOnStart": false
        }
      },
      {
        "additionalInfo": {
          "description": "Forwards message to the \"Generate Report\" rule chain",
          "layoutX": 1004,
          "layoutY": 690
        },
        "type": "org.thingsboard.rule.engine.flow.TbRuleChainInputNode",
        "name": "Generate Report",
        "debugMode": false,
        "singletonMode": false,
        "queueName": null,
        "configurationVersion": 0,
        "configuration": {
          "ruleChainId": "87d7a830-1bb6-11ef-813f-790f7ab3fcac"
        }
      },
      {
        "additionalInfo": {
          "description": "",
          "layoutX": 1002,
          "layoutY": 110
        },
        "type": "org.thingsboard.rule.engine.transform.TbTransformMsgNode",
        "name": "Connect envent to Server",
        "debugMode": true,
        "singletonMode": false,
        "queueName": null,
        "configurationVersion": 0,
        "configuration": {
          "scriptLang": "JS",
          "jsScript": "var newType = \"POST_ATTRIBUTES_REQUEST\";\r\n\r\nmsg.connectivity = true;\r\n\r\nreturn {msg: msg, metadata: metadata, msgType: newType};",
          "tbelScript": "return {msg: msg, metadata: metadata, msgType: msgType};"
        }
      },
      {
        "additionalInfo": {
          "description": null,
          "layoutX": 1277,
          "layoutY": 134
        },
        "type": "org.thingsboard.rule.engine.telemetry.TbMsgAttributesNode",
        "name": "Save Attributes",
        "debugMode": true,
        "singletonMode": false,
        "queueName": null,
        "configurationVersion": 2,
        "configuration": {
          "scope": "SERVER_SCOPE",
          "notifyDevice": false,
          "sendAttributesUpdatedNotification": false,
          "updateAttributesOnlyOnValueChange": false
        }
      },
      {
        "additionalInfo": {
          "description": "",
          "layoutX": 1009,
          "layoutY": 186
        },
        "type": "org.thingsboard.rule.engine.transform.TbTransformMsgNode",
        "name": "Disconnect event to Server",
        "debugMode": true,
        "singletonMode": false,
        "queueName": null,
        "configurationVersion": 0,
        "configuration": {
          "scriptLang": "JS",
          "jsScript": "var newType = \"POST_ATTRIBUTES_REQUEST\";\r\n\r\nmsg.connectivity = false;\r\n\r\nreturn {msg: msg, metadata: metadata, msgType: newType};",
          "tbelScript": "return {msg: msg, metadata: metadata, msgType: msgType};"
        }
      }
    ],
    "connections": [
      {
        "fromIndex": 2,
        "toIndex": 0,
        "type": "Post telemetry"
      },
      {
        "fromIndex": 2,
        "toIndex": 1,
        "type": "Post attributes"
      },
      {
        "fromIndex": 2,
        "toIndex": 3,
        "type": "Other"
      },
      {
        "fromIndex": 2,
        "toIndex": 4,
        "type": "RPC Request to Device"
      },
      {
        "fromIndex": 2,
        "toIndex": 9,
        "type": "Generate Report"
      },
      {
        "fromIndex": 2,
        "toIndex": 10,
        "type": "Connect Event"
      },
      {
        "fromIndex": 2,
        "toIndex": 12,
        "type": "Disconnect Event"
      },
      {
        "fromIndex": 5,
        "toIndex": 2,
        "type": "False"
      },
      {
        "fromIndex": 5,
        "toIndex": 6,
        "type": "True"
      },
      {
        "fromIndex": 6,
        "toIndex": 2,
        "type": "False"
      },
      {
        "fromIndex": 6,
        "toIndex": 7,
        "type": "True"
      },
      {
        "fromIndex": 7,
        "toIndex": 2,
        "type": "Success"
      },
      {
        "fromIndex": 8,
        "toIndex": 5,
        "type": "Success"
      },
      {
        "fromIndex": 10,
        "toIndex": 11,
        "type": "Success"
      },
      {
        "fromIndex": 12,
        "toIndex": 11,
        "type": "Success"
      }
    ],
    "ruleChainConnections": null
  }
}