{
  "name": "default",
  "description": "Default device profile",
  "image": null,
  "type": "DEFAULT",
  "transportType": "DEFAULT",
  "provisionType": "DISABLED",
  "defaultRuleChainId": null,
  "defaultDashboardId": null,
  "defaultQueueName": null,
  "profileData": {
    "configuration": {
      "type": "DEFAULT"
    },
    "transportConfiguration": {
      "type": "DEFAULT"
    },
    "provisionConfiguration": {
      "type": "DISABLED",
      "provisionDeviceSecret": null
    },
    "alarms": [
      {
        "id": "15aafefd-ba9b-3b20-27f0-69a4f2944075",
        "alarmType": "High Temperature",
        "createRules": {
          "CRITICAL": {
            "condition": {
              "condition": [
                {
                  "key": {
                    "type": "TIME_SERIES",
                    "key": "tempIndoor"
                  },
                  "valueType": "NUMERIC",
                  "value": null,
                  "predicate": {
                    "type": "NUMERIC",
                    "operation": "GREATER",
                    "value": {
                      "defaultValue": 33,
                      "userValue": null,
                      "dynamicValue": null
                    }
                  }
                }
              ],
              "spec": {
                "type": "SIMPLE"
              }
            },
            "schedule": null,
            "alarmDetails": null,
            "dashboardId": null
          }
        },
        "clearRule": null,
        "propagate": false,
        "propagateToOwner": false,
        "propagateToOwnerHierarchy": false,
        "propagateToTenant": false,
        "propagateRelationTypes": null
      },
      {
        "id": "7764a23f-735b-fb6a-3b44-4472222033e3",
        "alarmType": "High Humidity",
        "createRules": {
          "WARNING": {
            "condition": {
              "condition": [
                {
                  "key": {
                    "type": "TIME_SERIES",
                    "key": "humidity"
                  },
                  "valueType": "NUMERIC",
                  "value": null,
                  "predicate": {
                    "type": "NUMERIC",
                    "operation": "GREATER",
                    "value": {
                      "defaultValue": 33,
                      "userValue": null,
                      "dynamicValue": null
                    }
                  }
                }
              ],
              "spec": {
                "type": "SIMPLE"
              }
            },
            "schedule": null,
            "alarmDetails": null,
            "dashboardId": null
          }
        },
        "clearRule": null,
        "propagate": false,
        "propagateToOwner": false,
        "propagateToOwnerHierarchy": false,
        "propagateToTenant": false,
        "propagateRelationTypes": null
      }
    ]
  },
  "provisionDeviceKey": null,
  "firmwareId": null,
  "softwareId": null,
  "defaultEdgeRuleChainId": null,
  "default": false
}